paradigmcos.local\Users,paradigmcos.local\Service Accounts,paradigmcos.local\PDC-MANAGEMENT,paradigmcos.local\PDC-CONSTRUCTION\USERS\Internal,paradigmcos.local\PDC-HQ\Users,paradigmcos.local\PDC-SERVICES\Users\Internal,paradigmcos.local\PDC-HQ\Users\Internal\PCC,paradigmcos.local\PDC-HQ\Users\Internal\PDC,paradigmcos.local\PDC-HQ\Users\Internal\PMC,paradigmcos.local\PDC-MANAGEMENT\Users\External,paradigmcos.local\PDC-MANAGEMENT\Users\Internal,paradigmcos.local\PDC-MANAGEMENT\360hstreet\Users,paradigmcos.local\PDC-MANAGEMENT\Arlington View Terrace\Users,paradigmcos.local\PDC-MANAGEMENT\Ballston Park\Users,paradigmcos.local\PDC-MANAGEMENT\Carlyle Place\Users,paradigmcos.local\PDC-MANAGEMENT\Colonial Village West\Users,paradigmcos.local\PDC-MANAGEMENT\Courthouse Crossings\Users,paradigmcos.local\PDC-MANAGEMENT\Creekside Village Apartments\Users,paradigmcos.local\PDC-MANAGEMENT\East Falls\Users,paradigmcos.local\PDC-MANAGEMENT\Evans Ridge\Users,paradigmcos.local\PDC-MANAGEMENT\Madison_Ballston\Users,paradigmcos.local\PDC-MANAGEMENT\Meridian 2250\Users,paradigmcos.local\PDC-MANAGEMENT\Meridian at Ballston\Users,paradigmcos.local\PDC-MANAGEMENT\Meridian at Braddock\Users,paradigmcos.local\PDC-MANAGEMENT\Meridian at Carlyle\Users,paradigmcos.local\PDC-MANAGEMENT\Meridian at Courthouse\Users,paradigmcos.local\PDC-MANAGEMENT\Meridian at Eisenhower\Users,paradigmcos.local\PDC-MANAGEMENT\Meridian at Gallery Place\Users,paradigmcos.local\PDC-MANAGEMENT\Meridian at Mount Vernon Triangle\Users,paradigmcos.local\PDC-MANAGEMENT\Meridian Grosvenor\Users,paradigmcos.local\PDC-MANAGEMENT\Meridian on First\Users,paradigmcos.local\PDC-MANAGEMENT\Monterey\Users,paradigmcos.local\PDC-MANAGEMENT\One University\Users,paradigmcos.local\PDC-MANAGEMENT\Ovation at Arrowbrook\Users,paradigmcos.local\PDC-MANAGEMENT\Parc Meridian\Users,paradigmcos.local\PDC-MANAGEMENT\Park Triangle\Users,paradigmcos.local\PDC-MANAGEMENT\Quebec\Users,paradigmcos.local\PDC-MANAGEMENT\Residences at the Government Center\Users,paradigmcos.local\PDC-MANAGEMENT\Terraces at Arlington View\Users,paradigmcos.local\PDC-MANAGEMENT\The Henson\Users,paradigmcos.local\PDC-MANAGEMENT\The Jordan\Users,paradigmcos.local\PDC-MANAGEMENT\Washington Center\Users
All_Paradigm_Staff@paradigmcos.com,All_Paradigm_Staff@paradigmcos.com,All_Paradigm_Staff@paradigmcos.com,All_Paradigm_Staff@paradigmcos.com,All_Paradigm_Staff@paradigmcos.com,All_Paradigm_Staff@paradigmcos.com,All_Paradigm_Staff@paradigmcos.com,All_Paradigm_Staff@paradigmcos.com,All_Paradigm_Staff@paradigmcos.com,PMLP_Service_Managers,All_Paradigm_Staff@paradigmcos.com,All_Paradigm_Staff@paradigmcos.com,All_Paradigm_Staff@paradigmcos.com,All_Paradigm_Staff@paradigmcos.com,All_Paradigm_Staff@paradigmcos.com,All_Paradigm_Staff@paradigmcos.com,All_Paradigm_Staff@paradigmcos.com,All_Paradigm_Staff@paradigmcos.com,All_Paradigm_Staff@paradigmcos.com,All_Paradigm_Staff@paradigmcos.com,All_Paradigm_Staff@paradigmcos.com,All_Paradigm_Staff@paradigmcos.com,All_Paradigm_Staff@paradigmcos.com,All_Paradigm_Staff@paradigmcos.com,All_Paradigm_Staff@paradigmcos.com,All_Paradigm_Staff@paradigmcos.com,All_Paradigm_Staff@paradigmcos.com,All_Paradigm_Staff@paradigmcos.com,All_Paradigm_Staff@paradigmcos.com,All_Paradigm_Staff@paradigmcos.com,All_Paradigm_Staff@paradigmcos.com,All_Paradigm_Staff@paradigmcos.com,All_Paradigm_Staff@paradigmcos.com,All_Paradigm_Staff@paradigmcos.com,All_Paradigm_Staff@paradigmcos.com,All_Paradigm_Staff@paradigmcos.com,All_Paradigm_Staff@paradigmcos.com,All_Paradigm_Staff@paradigmcos.com,All_Paradigm_Staff@paradigmcos.com,All_Paradigm_Staff@paradigmcos.com,All_Paradigm_Staff@paradigmcos.com,All_Paradigm_Staff@paradigmcos.com
,,All_Management_Staff@paradigmcos.com,All_Jobsite_Staff@paradigmcos.com,All_HQ_Staff@paradigmcos.com,All_Management_Staff@paradigmcos.com,All_HQ_Staff@paradigmcos.com,All_HQ_Staff@paradigmcos.com,All_Management_Staff@paradigmcos.com,,All_Management_Staff@paradigmcos.com,All_Management_Staff@paradigmcos.com,All_Management_Staff@paradigmcos.com,All_Management_Staff@paradigmcos.com,All_Management_Staff@paradigmcos.com,All_Management_Staff@paradigmcos.com,All_Management_Staff@paradigmcos.com,All_Management_Staff@paradigmcos.com,All_Management_Staff@paradigmcos.com,All_Management_Staff@paradigmcos.com,All_Management_Staff@paradigmcos.com,All_Management_Staff@paradigmcos.com,All_Management_Staff@paradigmcos.com,All_Management_Staff@paradigmcos.com,All_Management_Staff@paradigmcos.com,All_Management_Staff@paradigmcos.com,All_Management_Staff@paradigmcos.com,All_Management_Staff@paradigmcos.com,All_Management_Staff@paradigmcos.com,All_Management_Staff@paradigmcos.com,All_Management_Staff@paradigmcos.com,All_Management_Staff@paradigmcos.com,All_Management_Staff@paradigmcos.com,All_Management_Staff@paradigmcos.com,All_Management_Staff@paradigmcos.com,All_Management_Staff@paradigmcos.com,All_Management_Staff@paradigmcos.com,All_Management_Staff@paradigmcos.com,All_Management_Staff@paradigmcos.com,All_Management_Staff@paradigmcos.com,All_Management_Staff@paradigmcos.com,All_Management_Staff@paradigmcos.com
,,,All_Construction_Staff,,All_HQ_Staff@paradigmcos.com,All_Construction_Staff,,All_HQ_Staff@paradigmcos.com,,,360HStreet_Staff,Arlington_View_Staff,BallstonPark_Staff,CarlylePlace_Staff,Colonial_Village_Staff,,Creekside_Village_Staff,East_Falls_Staff,Evans_Ridge_Staff,Madison at Ballston Station Staff,Meridian_2250_Staff,Meridian_Ballston_Commons_Staff,Meridian_Braddock_Station_Staff,,Meridian_Courthouse_Staff,Meridian_Eisenhower_Staff,Gallery_Place_Staff,Meridian_Mt_Vernon_Staff,Grosvenor_Staff,Meridian_On_First_Staff,Monterey_Staff,Belmont_Staff,Ovation_Arrowbrook_Staff,PM_Eisenhower_Staff,Park_Triangle_Staff,Quebec_Staff,Residences_at_the_Government_Center_Staff,TerracesAV_Staff,The_Henson_Staff,The_Jordan_Staff,